[
{
  "model": "auth.user",
  "pk": 1,
  "fields": {
    "password": "pbkdf2_sha256$1000000$eTJjBtjDLPCq6IKS8zA933$PpEELbRdfb/4moCZ0C32fXrkkYT08zsYVwr6fiRjpIM=",
    "last_login": "2026-03-16T22:47:10.155",
    "is_superuser": true,
    "username": "admin",
    "first_name": "",
    "last_name": "",
    "email": "",
    "is_staff": true,
    "is_active": true,
    "date_joined": "2026-03-16T21:45:02.681",
    "groups": [],
    "user_permissions": []
  }
},
{
  "model": "auth.user",
  "pk": 2,
  "fields": {
    "password": "pbkdf2_sha256$1000000$UgtgbjSVPg2DZBpK1i8on9$vq+XzENGuG45QXwXHUGkGOTK3jEjUAKhxmNbpAo1uak=",
    "last_login": "2026-03-16T22:40:26.834",
    "is_superuser": false,
    "username": "alessio.rossi",
    "first_name": "",
    "last_name": "",
    "email": "alessio.rossi@azienda.it",
    "is_staff": false,
    "is_active": true,
    "date_joined": "2026-03-16T21:48:52.444",
    "groups": [],
    "user_permissions": []
  }
},
{
  "model": "auth.user",
  "pk": 3,
  "fields": {
    "password": "pbkdf2_sha256$1000000$AqWC6Q55J0ecGZbuTMJ8zL$pJs34JNHEyaXp0vwDQjKo7CmU6/SWVZ++ETREQgHlXs=",
    "last_login": null,
    "is_superuser": false,
    "username": "giulia.bianchi",
    "first_name": "",
    "last_name": "",
    "email": "giulia.bianchi@azienda.it",
    "is_staff": false,
    "is_active": true,
    "date_joined": "2026-03-16T21:49:24.804",
    "groups": [],
    "user_permissions": []
  }
},
{
  "model": "auth.user",
  "pk": 4,
  "fields": {
    "password": "pbkdf2_sha256$1000000$iE99IoiOqEbUC9qCbIfjvE$V6Z+V5mLlkHcXBdqU7H82SfCmOvNyj6Y4pI0Z5avXIo=",
    "last_login": null,
    "is_superuser": false,
    "username": "marco.ferrari",
    "first_name": "",
    "last_name": "",
    "email": "marco.ferrari@azienda.it",
    "is_staff": false,
    "is_active": true,
    "date_joined": "2026-03-16T21:50:05.092",
    "groups": [],
    "user_permissions": []
  }
},
{
  "model": "auth.user",
  "pk": 5,
  "fields": {
    "password": "pbkdf2_sha256$1000000$8CCXolTVc9KVc1szUKCpUQ$pHG7Ea4UV6delPfOY04Ggx1w8c1o1qZT0wVMIeUZnYU=",
    "last_login": null,
    "is_superuser": false,
    "username": "sara.verdi",
    "first_name": "",
    "last_name": "",
    "email": "sara.verdi@azienda.it",
    "is_staff": false,
    "is_active": true,
    "date_joined": "2026-03-16T21:52:55.204",
    "groups": [],
    "user_permissions": []
  }
},
{
  "model": "auth.user",
  "pk": 6,
  "fields": {
    "password": "pbkdf2_sha256$1000000$vTpFMBNXD4pR3u8vFRVMHr$KFEL9pSUfzVgXLJcaLqBPxc4WrMJeGVEWPeQt661Cs8=",
    "last_login": "2026-03-16T22:44:23.655",
    "is_superuser": false,
    "username": "laura.marini",
    "first_name": "",
    "last_name": "",
    "email": "laura.marini@azienda.it",
    "is_staff": false,
    "is_active": true,
    "date_joined": "2026-03-16T21:53:45.967",
    "groups": [],
    "user_permissions": []
  }
},
{
  "model": "auth.user",
  "pk": 7,
  "fields": {
    "password": "pbkdf2_sha256$1000000$W92DG5bmdBExECjk8D3oKM$rnwQaO0V5Df6aZxKHQ1yNBTsIbQdHCxnBRtD15RtHWM=",
    "last_login": null,
    "is_superuser": false,
    "username": "francesca.galli",
    "first_name": "",
    "last_name": "",
    "email": "francesca.galli@azienda.it",
    "is_staff": false,
    "is_active": true,
    "date_joined": "2026-03-16T21:54:28.947",
    "groups": [],
    "user_permissions": []
  }
},
{
  "model": "auth.user",
  "pk": 8,
  "fields": {
    "password": "pbkdf2_sha256$1000000$ziVfY7JXebcCqJ75mVVCdI$z41+BahSb0Bys6Jk3quO6eZCxEJgaYBSWaMKJrXO7KY=",
    "last_login": "2026-03-16T22:31:52.364",
    "is_superuser": false,
    "username": "luca.moretti",
    "first_name": "",
    "last_name": "",
    "email": "luca.moretti@azienda.it",
    "is_staff": false,
    "is_active": true,
    "date_joined": "2026-03-16T21:54:53.215",
    "groups": [],
    "user_permissions": []
  }
},
{
  "model": "Utente.utente",
  "pk": 1,
  "fields": {
    "user": 1,
    "ruolo": "ADMIN",
    "telefono": "0000000000"
  }
},
{
  "model": "Utente.utente",
  "pk": 2,
  "fields": {
    "user": 2,
    "ruolo": "DIPENDENTE",
    "telefono": "0000000000"
  }
},
{
  "model": "Utente.utente",
  "pk": 3,
  "fields": {
    "user": 3,
    "ruolo": "DIPENDENTE",
    "telefono": "0000000000"
  }
},
{
  "model": "Utente.utente",
  "pk": 4,
  "fields": {
    "user": 4,
    "ruolo": "DIPENDENTE",
    "telefono": "0000000000"
  }
},
{
  "model": "Utente.utente",
  "pk": 5,
  "fields": {
    "user": 5,
    "ruolo": "DIPENDENTE",
    "telefono": "0000000000"
  }
},
{
  "model": "Utente.utente",
  "pk": 6,
  "fields": {
    "user": 6,
    "ruolo": "RESPONSABILE",
    "telefono": "0000000000"
  }
},
{
  "model": "Utente.utente",
  "pk": 7,
  "fields": {
    "user": 7,
    "ruolo": "DIPENDENTE",
    "telefono": "0000000000"
  }
},
{
  "model": "Utente.utente",
  "pk": 8,
  "fields": {
    "user": 8,
    "ruolo": "DIPENDENTE",
    "telefono": "0000000000"
  }
},
{
  "model": "Risorsa.tiporisorsa",
  "pk": 1,
  "fields": {
    "nome": "Auto Aziendale",
    "descrizione": "Auto per trasferte e spostamenti dei dipendenti",
    "immagine_url": "https://images.unsplash.com/photo-1585503418537-88331351ad99?q=80&w=1074&auto=format&fit=crop&ixlib=rb-4.1.0&ixid=M3wxMjA3fDB8MHxwaG90by1wYWdlfHx8fGVufDB8fHx8fA%3D%3D"
  }
},
{
  "model": "Risorsa.tiporisorsa",
  "pk": 2,
  "fields": {
    "nome": "Sala Riunioni",
    "descrizione": "Sale destinate a riunioni e incontri aziendali di varie dimensioni",
    "immagine_url": "https://images.unsplash.com/photo-1698653223247-09aaf01166fc?q=80&w=1170&auto=format&fit=crop&ixlib=rb-4.1.0&ixid=M3wxMjA3fDB8MHxwaG90by1wYWdlfHx8fGVufDB8fHx8fA%3D%3D"
  }
},
{
  "model": "Risorsa.tiporisorsa",
  "pk": 3,
  "fields": {
    "nome": "Postazione PC",
    "descrizione": "Postazioni Singole con Computer",
    "immagine_url": "https://plus.unsplash.com/premium_photo-1678566153919-86c4ba4216f1?q=80&w=1170&auto=format&fit=crop&ixlib=rb-4.1.0&ixid=M3wxMjA3fDB8MHxwaG90by1wYWdlfHx8fGVufDB8fHx8fA%3D%3D"
  }
},
{
  "model": "Risorsa.tiporisorsa",
  "pk": 4,
  "fields": {
    "nome": "Aula Formazione",
    "descrizione": "Aula per Corsi e Training",
    "immagine_url": "https://plus.unsplash.com/premium_photo-1764687760331-fd125d36e299?q=80&w=1170&auto=format&fit=crop&ixlib=rb-4.1.0&ixid=M3wxMjA3fDB8MHxwaG90by1wYWdlfHx8fGVufDB8fHx8fA%3D%3D"
  }
},
{
  "model": "Risorsa.risorsa",
  "pk": 1,
  "fields": {
    "nome": "Sala Giada",
    "descrizione": "Sala elegante per riunioni e brainstorming",
    "capacita": 12,
    "orario_apertura": "08:00:00",
    "orario_chiusura": "18:00:00",
    "lunedi": true,
    "martedi": true,
    "mercoledi": true,
    "giovedi": true,
    "venerdi": true,
    "sabato": false,
    "domenica": false,
    "stato": "ATTIVA",
    "tipo": 2
  }
},
{
  "model": "Risorsa.risorsa",
  "pk": 2,
  "fields": {
    "nome": "Sala Ambra",
    "descrizione": "Sala Luminosa con Lavagna e Monitor",
    "capacita": 10,
    "orario_apertura": "08:00:00",
    "orario_chiusura": "18:00:00",
    "lunedi": true,
    "martedi": true,
    "mercoledi": true,
    "giovedi": true,
    "venerdi": true,
    "sabato": false,
    "domenica": false,
    "stato": "DISATTIVA",
    "tipo": 2
  }
},
{
  "model": "Risorsa.risorsa",
  "pk": 3,
  "fields": {
    "nome": "Sala Topazio",
    "descrizione": "Sala ampia, adatta a workshop e presentazioni",
    "capacita": 20,
    "orario_apertura": "08:00:00",
    "orario_chiusura": "18:00:00",
    "lunedi": true,
    "martedi": true,
    "mercoledi": true,
    "giovedi": true,
    "venerdi": true,
    "sabato": false,
    "domenica": false,
    "stato": "ATTIVA",
    "tipo": 2
  }
},
{
  "model": "Risorsa.risorsa",
  "pk": 4,
  "fields": {
    "nome": "Postazione Alfa",
    "descrizione": "Postazione singola con PC Windows e monitor da 24\"",
    "capacita": 1,
    "orario_apertura": "08:00:00",
    "orario_chiusura": "18:00:00",
    "lunedi": true,
    "martedi": true,
    "mercoledi": true,
    "giovedi": true,
    "venerdi": true,
    "sabato": false,
    "domenica": false,
    "stato": "ATTIVA",
    "tipo": 3
  }
},
{
  "model": "Risorsa.risorsa",
  "pk": 5,
  "fields": {
    "nome": "Postazione Beta",
    "descrizione": "Postazione con PC potente, ideale per lavoro d'ufficio e grafica leggera",
    "capacita": 1,
    "orario_apertura": "08:00:00",
    "orario_chiusura": "18:00:00",
    "lunedi": true,
    "martedi": true,
    "mercoledi": true,
    "giovedi": true,
    "venerdi": true,
    "sabato": false,
    "domenica": false,
    "stato": "ATTIVA",
    "tipo": 3
  }
},
{
  "model": "Risorsa.risorsa",
  "pk": 6,
  "fields": {
    "nome": "Postazione Gamma",
    "descrizione": "Postazione con computer e cuffie, adatta a call e lavoro individuale",
    "capacita": 1,
    "orario_apertura": "08:00:00",
    "orario_chiusura": "18:00:00",
    "lunedi": true,
    "martedi": true,
    "mercoledi": true,
    "giovedi": true,
    "venerdi": true,
    "sabato": false,
    "domenica": false,
    "stato": "ATTIVA",
    "tipo": 3
  }
},
{
  "model": "Risorsa.risorsa",
  "pk": 7,
  "fields": {
    "nome": "Postazione Delta",
    "descrizione": "Postazione con PC e monitor esterno, ideale per analisi dati",
    "capacita": 1,
    "orario_apertura": "08:00:00",
    "orario_chiusura": "18:00:00",
    "lunedi": true,
    "martedi": true,
    "mercoledi": true,
    "giovedi": true,
    "venerdi": true,
    "sabato": false,
    "domenica": false,
    "stato": "MANUTENZIONE",
    "tipo": 3
  }
},
{
  "model": "Risorsa.risorsa",
  "pk": 8,
  "fields": {
    "nome": "Postazione Epsilon",
    "descrizione": "Postazione ergonomica con PC, tastiera meccanica e sedia confortevole",
    "capacita": 1,
    "orario_apertura": "08:00:00",
    "orario_chiusura": "18:00:00",
    "lunedi": true,
    "martedi": true,
    "mercoledi": true,
    "giovedi": true,
    "venerdi": true,
    "sabato": false,
    "domenica": false,
    "stato": "MANUTENZIONE",
    "tipo": 3
  }
},
{
  "model": "Risorsa.risorsa",
  "pk": 12,
  "fields": {
    "nome": "Aula Leonardo",
    "descrizione": "Aula moderna con proiettore e sedute modulari per corsi e workshop",
    "capacita": 30,
    "orario_apertura": "14:00:00",
    "orario_chiusura": "18:00:00",
    "lunedi": true,
    "martedi": false,
    "mercoledi": false,
    "giovedi": true,
    "venerdi": false,
    "sabato": false,
    "domenica": false,
    "stato": "ATTIVA",
    "tipo": 4
  }
},
{
  "model": "Risorsa.risorsa",
  "pk": 13,
  "fields": {
    "nome": "Aula Raffaello",
    "descrizione": "Aula luminosa con lavagna e monitor, perfetta per training interattivi",
    "capacita": 25,
    "orario_apertura": "09:00:00",
    "orario_chiusura": "13:00:00",
    "lunedi": false,
    "martedi": true,
    "mercoledi": true,
    "giovedi": false,
    "venerdi": false,
    "sabato": false,
    "domenica": false,
    "stato": "ATTIVA",
    "tipo": 4
  }
},
{
  "model": "Risorsa.risorsa",
  "pk": 14,
  "fields": {
    "nome": "Aula Caravaggio",
    "descrizione": "Aula attrezzata per corsi pratici e laboratori didattici",
    "capacita": 20,
    "orario_apertura": "15:00:00",
    "orario_chiusura": "16:00:00",
    "lunedi": false,
    "martedi": false,
    "mercoledi": false,
    "giovedi": true,
    "venerdi": true,
    "sabato": false,
    "domenica": false,
    "stato": "ATTIVA",
    "tipo": 4
  }
},
{
  "model": "Risorsa.risorsa",
  "pk": 15,
  "fields": {
    "nome": "Fiat Tipo Grigia",
    "descrizione": "Auto aziendale compatta, ideale per trasferte brevi o spostamenti cittadini",
    "capacita": 5,
    "orario_apertura": "08:00:00",
    "orario_chiusura": "18:00:00",
    "lunedi": true,
    "martedi": true,
    "mercoledi": true,
    "giovedi": true,
    "venerdi": true,
    "sabato": false,
    "domenica": false,
    "stato": "ATTIVA",
    "tipo": 1
  }
},
{
  "model": "Risorsa.risorsa",
  "pk": 16,
  "fields": {
    "nome": "Volkswagen Golf R Blu",
    "descrizione": "Auto aziendale confortevole, adatta a viaggi di lavoro e meeting fuori sede",
    "capacita": 5,
    "orario_apertura": "08:00:00",
    "orario_chiusura": "18:00:00",
    "lunedi": true,
    "martedi": true,
    "mercoledi": true,
    "giovedi": true,
    "venerdi": true,
    "sabato": false,
    "domenica": false,
    "stato": "MANUTENZIONE",
    "tipo": 1
  }
},
{
  "model": "Prenotazione.prenotazione",
  "pk": 1,
  "fields": {
    "utente": 8,
    "risorsa": 15,
    "data_inizio": "2026-03-17T08:00:00",
    "data_fine": "2026-03-17T16:00:00",
    "stato": "PENDING",
    "motivo": "Meeting con IT Agency per chiudere Q2",
    "created_at": "2026-03-16T22:32:38.466",
    "updated_at": "2026-03-16T22:32:38.544"
  }
},
{
  "model": "Prenotazione.prenotazione",
  "pk": 2,
  "fields": {
    "utente": 8,
    "risorsa": 3,
    "data_inizio": "2026-03-17T08:00:00",
    "data_fine": "2026-03-17T08:30:00",
    "stato": "PENDING",
    "motivo": "Riunione di Riallinemaneto",
    "created_at": "2026-03-16T22:37:41.763",
    "updated_at": "2026-03-16T22:37:41.859"
  }
},
{
  "model": "Prenotazione.prenotazione",
  "pk": 3,
  "fields": {
    "utente": 8,
    "risorsa": 4,
    "data_inizio": "2026-03-17T08:00:00",
    "data_fine": "2026-03-17T08:30:00",
    "stato": "CONFERMATA",
    "motivo": "Coding",
    "created_at": "2026-03-16T22:38:36.735",
    "updated_at": "2026-03-16T22:38:36.788"
  }
},
{
  "model": "Prenotazione.prenotazione",
  "pk": 4,
  "fields": {
    "utente": 2,
    "risorsa": 1,
    "data_inizio": "2026-03-17T12:00:00",
    "data_fine": "2026-03-17T14:00:00",
    "stato": "PENDING",
    "motivo": "Riunione settimanale del team di sviluppo",
    "created_at": "2026-03-16T22:43:41.915",
    "updated_at": "2026-03-16T22:43:42.016"
  }
},
{
  "model": "Prenotazione.prenotazione",
  "pk": 5,
  "fields": {
    "utente": 6,
    "risorsa": 4,
    "data_inizio": "2026-03-19T08:00:00",
    "data_fine": "2026-03-19T10:00:00",
    "stato": "CONFERMATA",
    "motivo": "Lavoro individuale su progetto aziendale",
    "created_at": "2026-03-16T22:45:48.590",
    "updated_at": "2026-03-16T22:45:48.644"
  }
},
{
  "model": "Prenotazione.prenotazione",
  "pk": 6,
  "fields": {
    "utente": 6,
    "risorsa": 14,
    "data_inizio": "2026-03-20T15:00:00",
    "data_fine": "2026-03-20T16:00:00",
    "stato": "PENDING",
    "motivo": "Corso di aggiornamento tecnico per il reparto IT",
    "created_at": "2026-03-16T22:47:04.377",
    "updated_at": "2026-03-16T22:47:04.481"
  }
},
{
  "model": "Prenotazione.prenotazionepartecipante",
  "pk": 1,
  "fields": {
    "prenotazione": 1,
    "utente": 8,
    "stato": "ACCETTATO",
    "created_at": "2026-03-16T22:32:38.501"
  }
},
{
  "model": "Prenotazione.prenotazionepartecipante",
  "pk": 2,
  "fields": {
    "prenotazione": 1,
    "utente": 5,
    "stato": "INVITATO",
    "created_at": "2026-03-16T22:32:38.506"
  }
},
{
  "model": "Prenotazione.prenotazionepartecipante",
  "pk": 3,
  "fields": {
    "prenotazione": 1,
    "utente": 6,
    "stato": "INVITATO",
    "created_at": "2026-03-16T22:32:38.518"
  }
},
{
  "model": "Prenotazione.prenotazionepartecipante",
  "pk": 4,
  "fields": {
    "prenotazione": 2,
    "utente": 8,
    "stato": "ACCETTATO",
    "created_at": "2026-03-16T22:37:41.804"
  }
},
{
  "model": "Prenotazione.prenotazionepartecipante",
  "pk": 5,
  "fields": {
    "prenotazione": 2,
    "utente": 2,
    "stato": "INVITATO",
    "created_at": "2026-03-16T22:37:41.811"
  }
},
{
  "model": "Prenotazione.prenotazionepartecipante",
  "pk": 6,
  "fields": {
    "prenotazione": 2,
    "utente": 6,
    "stato": "INVITATO",
    "created_at": "2026-03-16T22:37:41.823"
  }
},
{
  "model": "Prenotazione.prenotazionepartecipante",
  "pk": 7,
  "fields": {
    "prenotazione": 2,
    "utente": 4,
    "stato": "INVITATO",
    "created_at": "2026-03-16T22:37:41.834"
  }
},
{
  "model": "Prenotazione.prenotazionepartecipante",
  "pk": 8,
  "fields": {
    "prenotazione": 4,
    "utente": 2,
    "stato": "ACCETTATO",
    "created_at": "2026-03-16T22:43:41.952"
  }
},
{
  "model": "Prenotazione.prenotazionepartecipante",
  "pk": 9,
  "fields": {
    "prenotazione": 4,
    "utente": 4,
    "stato": "INVITATO",
    "created_at": "2026-03-16T22:43:41.956"
  }
},
{
  "model": "Prenotazione.prenotazionepartecipante",
  "pk": 10,
  "fields": {
    "prenotazione": 4,
    "utente": 3,
    "stato": "INVITATO",
    "created_at": "2026-03-16T22:43:41.967"
  }
},
{
  "model": "Prenotazione.prenotazionepartecipante",
  "pk": 11,
  "fields": {
    "prenotazione": 4,
    "utente": 7,
    "stato": "INVITATO",
    "created_at": "2026-03-16T22:43:41.979"
  }
},
{
  "model": "Prenotazione.prenotazionepartecipante",
  "pk": 12,
  "fields": {
    "prenotazione": 4,
    "utente": 8,
    "stato": "INVITATO",
    "created_at": "2026-03-16T22:43:41.991"
  }
},
{
  "model": "Prenotazione.prenotazionepartecipante",
  "pk": 13,
  "fields": {
    "prenotazione": 6,
    "utente": 6,
    "stato": "ACCETTATO",
    "created_at": "2026-03-16T22:47:04.412"
  }
},
{
  "model": "Prenotazione.prenotazionepartecipante",
  "pk": 14,
  "fields": {
    "prenotazione": 6,
    "utente": 4,
    "stato": "INVITATO",
    "created_at": "2026-03-16T22:47:04.420"
  }
},
{
  "model": "Prenotazione.prenotazionepartecipante",
  "pk": 15,
  "fields": {
    "prenotazione": 6,
    "utente": 5,
    "stato": "INVITATO",
    "created_at": "2026-03-16T22:47:04.434"
  }
},
{
  "model": "Prenotazione.prenotazionepartecipante",
  "pk": 16,
  "fields": {
    "prenotazione": 6,
    "utente": 2,
    "stato": "INVITATO",
    "created_at": "2026-03-16T22:47:04.450"
  }
}
]